{
    "total_runtime": 9.85612440109253,
    "num_documents": 1,
    "input_load_time": 0,
    "workflows": {
        "create_base_text_units": {
            "overall": 0.30404114723205566,
            "0_orderby": 0.0049974918365478516,
            "1_zip": 0.00503849983215332,
            "2_aggregate_override": 0.008962154388427734,
            "3_chunk": 0.21668434143066406,
            "4_select": 0.006010293960571289,
            "5_unroll": 0.007002115249633789,
            "6_rename": 0.006673097610473633,
            "7_genid": 0.007296085357666016,
            "8_unzip": 0.007944583892822266,
            "9_copy": 0.006999969482421875,
            "10_filter": 0.02143263816833496
        },
        "create_base_extracted_entities": {
            "overall": 0.5649595260620117,
            "0_entity_extract": 0.546999454498291,
            "1_merge_graphs": 0.0110015869140625
        },
        "create_summarized_entities": {
            "overall": 0.023061275482177734,
            "0_summarize_descriptions": 0.013776302337646484
        },
        "create_base_entity_graph": {
            "overall": 0.041045188903808594,
            "0_cluster_graph": 0.018013715744018555,
            "1_select": 0.012008905410766602
        },
        "create_final_entities": {
            "overall": 0.740863561630249,
            "0_unpack_graph": 0.010999441146850586,
            "1_rename": 0.012037277221679688,
            "2_select": 0.011964797973632812,
            "3_dedupe": 0.013069391250610352,
            "4_rename": 0.012819766998291016,
            "5_filter": 0.03204846382141113,
            "6_text_split": 0.01496267318725586,
            "7_drop": 0.015999555587768555,
            "8_merge": 0.018000125885009766,
            "9_text_embed": 0.5330018997192383,
            "10_drop": 0.01399993896484375,
            "11_filter": 0.040998220443725586
        },
        "create_final_nodes": {
            "overall": 0.32596445083618164,
            "0_layout_graph": 0.02103734016418457,
            "1_unpack_graph": 0.03196382522583008,
            "2_unpack_graph": 0.020999670028686523,
            "3_drop": 0.019999980926513672,
            "4_filter": 0.046999454498291016,
            "5_select": 0.020999670028686523,
            "6_rename": 0.023000001907348633,
            "7_convert": 0.0709993839263916,
            "8_join": 0.03200268745422363,
            "9_rename": 0.022003650665283203
        },
        "create_final_communities": {
            "overall": 0.4583127498626709,
            "0_unpack_graph": 0.022034406661987305,
            "1_unpack_graph": 0.021963119506835938,
            "2_aggregate_override": 0.025004863739013672,
            "3_join": 0.028995752334594727,
            "4_join": 0.031381845474243164,
            "5_concat": 0.023045063018798828,
            "6_filter": 0.05330038070678711,
            "7_aggregate_override": 0.026956558227539062,
            "8_join": 0.03567981719970703,
            "9_filter": 0.057765960693359375,
            "10_fill": 0.02697014808654785,
            "11_merge": 0.028635501861572266,
            "12_copy": 0.027568817138671875,
            "13_select": 0.03000926971435547
        },
        "join_text_units_to_entity_ids": {
            "overall": 0.1109158992767334,
            "0_select": 0.026931285858154297,
            "1_unroll": 0.0293734073638916,
            "2_aggregate_override": 0.029969215393066406
        },
        "create_final_relationships": {
            "overall": 0.3960752487182617,
            "0_unpack_graph": 0.043001651763916016,
            "1_filter": 0.07188940048217773,
            "2_rename": 0.029722213745117188,
            "3_filter": 0.06416678428649902,
            "4_drop": 0.028963088989257812,
            "5_compute_edge_combined_degree": 0.036055803298950195,
            "6_convert": 0.0629429817199707,
            "7_convert": 0.032332658767700195
        },
        "join_text_units_to_relationship_ids": {
            "overall": 0.15999770164489746,
            "0_select": 0.03199911117553711,
            "1_unroll": 0.03203630447387695,
            "2_aggregate_override": 0.03499794006347656,
            "3_select": 0.03296327590942383
        },
        "create_final_community_reports": {
            "overall": 3.119783878326416,
            "0_prepare_community_reports_nodes": 0.031036853790283203,
            "1_prepare_community_reports_edges": 0.03499317169189453,
            "2_restore_community_hierarchy": 0.03496503829956055,
            "3_prepare_community_reports": 0.08908295631408691,
            "4_create_community_reports": 2.8727288246154785,
            "5_window": 0.026009321212768555
        },
        "create_final_text_units": {
            "overall": 0.2667555809020996,
            "0_select": 0.04199957847595215,
            "1_rename": 0.04903912544250488,
            "2_join": 0.03703618049621582,
            "3_join": 0.03947567939758301,
            "4_aggregate_override": 0.0382390022277832,
            "5_select": 0.033965110778808594
        },
        "create_base_documents": {
            "overall": 0.45032548904418945,
            "0_unroll": 0.04200100898742676,
            "1_select": 0.03799843788146973,
            "2_rename": 0.04278302192687988,
            "3_join": 0.05269432067871094,
            "4_aggregate_override": 0.04501080513000488,
            "5_join": 0.052988290786743164,
            "6_rename": 0.041961669921875,
            "7_convert": 0.0968928337097168
        },
        "create_final_documents": {
            "overall": 0.08262801170349121,
            "0_rename": 0.042012929916381836
        }
    }
}